id,ansa,ansb,ansc,ansd,answer,category,question,timelimit
2212,经济复苏,改变地球命运,世界和平,全球一体化,B,0,哥本哈根气候变化峰会自12月7日开幕以来，就被冠以“有史以来最重要的会议”、“____的会议”等各种重量级头衔。,15
2213,尽到义务,不负责任,爱护环境,无知无畏,D,0,10年前乱丢电池在主观上还可能是无知，现在还要这样做就完全是____。,15
2214,基本国策,政策,方法,工作,A,0,中国政府坚定不移地贯彻执行环境保护这项___。,15
2216,甲醛,漂白粉,洗衣粉,消毒液,A,0,市场上销售的海参、鱿鱼、虾仁、贝肉等水发水产品如看起来特别亮、特别丰满，有的颜色出现过白、手感较韧、口感较硬，细嚼时有刺激感，则可能使用了以下什么药品浸泡？___,15
2217,3个月,6个月,12个月,18个月,B,0,干制水产品是采用干燥或者脱水方法除去水产品中的水分，或配以调味、焙烤、拉松等其他工艺制成的一类水产加工品。干制水产品的保质期一般为多长时间？____,15
2218,无悬浮物,没有沉淀物,清晰透明,油色发暗,D,0,优质食用油不应有的特征是？___,15
2219,-5,-10,-18,-12,C,0,食品经冻结并维持在哪个____℃以下贮藏，几乎可以阻止所有微生物的生长和比较有效的抑制酶的活性。,15
2220,储藏库被过度风干的鸭胸肉,单袋净含量不足的川香鸡柳,操作工安全事故,被微生物污染的冰鲜九块鸡产品,B,0,下列哪种问题是____违反食品法案例?,15
2221,床头灯,火腿肠,安全帽,油漆,B,0,在下列产品的标识上，哪种产品必须注明生产日期和安全使用期或失效日期：____,15
2224,乳和乳制品,蔬菜,豆类和豆制品,水,A,0,钙的最好食物来源是___。,15
2225,油溶性,水溶性,有机溶剂,脂肪,B,0,维生素是维持肌体健康所必需的一类低分子有机化合物，通常分为脂溶性和____两大类。,15
2227,3\\/5,1\\/2,4\\/5,2\\/3,D,0,水是人体不可缺少的组成成分，约占成人体重的____，用以维持人体正常的生理活动。,15
2228,高蛋白,高热量,高纤维,低蛋白,C,0,多食含____的食物，可预防大肠癌、痔疮等疾病，因其起到通便清火的作用，老年人宜多食用。,15
2229,少渣饮食,冷流质饮食,无糖饮食,低盐饮食,B,0,____适用于咽喉部手术及口腔疾病，如拔牙后、扁桃体摘除后等。,15
2231,苹果、苹果,香蕉、香蕉,西瓜、西瓜,梨、梨,D,0,若同时食用羊肉和____，____中的一些酶可将羊肉中的酵素分解，阻碍消化造成消化不良、腹胀肚痛等症状。,15
2232,维生素A,维生素,维生素,维生素K,C,0,当虾肉与富含____的食物共同食用时会产生有剧毒的三价砷，三价砷即为砒霜。,15
2235,木糖醇,白糖,红糖,蜂蜜,C,0,____为粗制品，含非糖物质及有机酸较多，特别是有机酸达到一定浓度时，可使牛奶中的蛋白质发生凝聚和沉淀，营养价值大大降低。,15
2236,葱与蜂蜜,葱与红糖水,葱与白糖水,葱与牛奶,A,0,___一同食用后，会发生不利于人体的生化反应或产生有毒物质，刺激胃肠道而导致腹泻。,15
2238,痢疾,腹涨,便秘,腹泻,B,0,栗子虽能健脾养胃却较难消化，____患者应该忌食。,15
2239,土霉素,红霉素,白霉素,黄连素,B,0,服用____期间，若食用牛奶、豆制品、骨头汤、黑木耳、海带、紫菜、黄花菜等富含钙、磷、镁的食物，会延缓药效或减少药物的吸收，降低药物的抑菌作用。,15
2240,四环素,白霉素,孢菌素,磺胺类药物,A,0,婴幼儿不能用牛奶送服___类药物，因为这样会破坏食物的营养降低药物的抑菌作用。,15
2241,酱油,花椒面,味精,醋,D,0,铜器与____不宜长久接触，否则会产生铜绿。用生有铜绿的铜器盛放食品或烹炒菜肴易中毒,15
2242,英文,中文,法文,德文,B,0,在中国境内市场销售的进口食品，必须使用下列哪种标识：____。,15
2243,支付医疗费,治疗期间的护理费,因误工减少的收入等费用,以上都包括,D,0,某消费者在食用某经营者出售的食品后出现了胃肠不适，并到医院就医花费了一些费用，消费者有权利要求经营者支付的赔偿项目包括：____。,15
2244,优质酱油粘稠性较大,摇动瓶子不挂瓶的酱油为优质酱油,优质酱油呈红褐色或棕色,优质酱油，有酱香味,B,0,以下关于优质酱油的错误说法是：____。,15
2245,周身紫红色,血管中充满着黑红色的凝固血液,腿内部的大血管有黑红色的血栓,以上都是,D,0,死猪肉的特征是____。,15
2248,乳白色或稍带微黄色,白色中稍带青色,呈浅粉红色,显著的黄绿色,A,0,以感官鉴别鲜奶色泽时，优质鲜奶的颜色应该是___。,15
2249,钙、镁,钙、碘,铁,碘,B,0,海产鱼类食物中含有较为丰富的无机盐是____。,15
2251,脂肪,优质蛋白质,碳水化合物,维生素,B,0,谷类、薯类是我国膳食能量的主要来源，但其主要的缺陷是缺乏____。,15
2253,四川民歌,江苏民歌,蒙古民歌,青海民歌,D,0,《在那远远的地方》是哪里的民歌____,15
2256,琥珀酸,苹果酸,柠檬酸,单宁酸,D,0,下面哪种酸，人在品尝时不是酸味的____,15
2257,干燥处,透风处,日光照射处,卧室内,C,0,土豆不宜存放在什么地方____,15
2258,灯比原来亮了,灯比原来暗了,跟原来一样,以上都不对,A,0,小华家的电灯丝断了，他把灯泡晃了晃使灯丝又搭上了，再用的时候会发现：___,15
2259,3种,4种,5种,6种,A,0,中国铁路车票一般分为几种___,15
2260,红茶,绿茶,乌龙茶,花茶,C,0,以下哪一类茶是半发酵茶____,15
2261,印度西部,大西洋西部,印度洋西部,太平洋南部,B,0,西印度群岛位于____,15
2262,ENIAC,EDVAC,EDSAC,UNIVAC,A,1,世界上发明的第一台电子数字计算机是_____ ,15
2264,Neumann,Eckert,Turing,Wilkes,D,1,___设计并生成了世界上首次实现的存储程序计算机  ,15
2265,牛顿,帕斯卡,比尔盖茨,冯诺依曼,D,1,"提出\\""存储程序和采用二进制系统\\""这个设计思想的科学家是_____ ",15
2266,软盘、硬盘、光盘、内存,硬盘、光盘、内存、软盘,内存、软盘、硬盘、光盘,内存、硬盘、光盘、软盘,D,1,按存取速度从快到慢，顺序正确的是：_____ ,15
2267,127．0．0．1,163．0．1,130．169．163,100．200．300．400,A,1,下列可以正确表示一个IP地址的是____ ,15
2269,POP3,SMTP,HTTP,FTP,A,1,请选择接收Email所用的网络协议_____ ,15
2270,ARP,RARP,DNS,WINS,C,1,由于IP地址难于记忆，人们采用域名来表示网上的主机，域名与IP地址的对应关系是用_____协议进行转换。 ,15
2272,谭浩强,Dennis.M.Ritchie,Alan,John,C,1,C语言的创始人是,15
2273,腾讯QQ是一种即时通讯工具,迅雷本身支持资源上传,酷狗(KuGou)是国内最大也是最专业的P2P音乐共享软件,飞信可以通过PC、手机、WAP等多种终端登录,B,1,下列关于一些常用软件的说法，不正确的是___ ,15
2275,它又称为MAC位址或者硬件位址,每个网络位置会有一个专属于它的MAC位址,MAC地址不能修改,它用来定义网络设备的位置,C,1,以下关于MAC地址的说法不正确的是___ ,15
2276,直连线,交叉线,反转线,控制线,D,1,网线的类型不包括以下哪种___ ,15
2277,模拟,字符,数字,数模,B,1,ASCII 码用于表示___编码。     ,15
2278,主存,主机,CPU,主板,C,1,计算机的核心部件是___。     ,15
2279,可以任意地读写,只能读不能写,只能写不能读,内容不能修改,A,1,RAM的特点是___。     ,15
2281,网站页面不存在,网站正在更新,HOST表被重定向,壮哉我大天朝！,D,1,出现HTTP 404 not found不可能是由  ___  造成,15
2283,主存储器,辅助存储器,PR0M,ROM,A,1,内存储器又称为___。     ,15
2284,运算器与控制器,输入设备与运算器,存储器与输入设备,输入设备与输出设备,D,1,"在微机的硬件系统中,___简称为I\\/O设备。     ",15
2285,1,2,3,4,B,1,汉字的国家标准的编码原则是：一个汉字用___个字节表示。     ,15
2286,机器语言,汇编语言,高级语言,面向对象语言,C,1,BASIC语言是一种___。     ,15
2348,欧洲联盟,世界贸易组织,石油输出国组织,东南亚国家联盟,A,0,世界上最大的区域性贸易集团是___,15
2350,居民大多信仰伊斯兰教,居民以阿拉伯人为主,石油是三地重要的矿产,农业主要为畜牧业和灌溉农业,B,0,中亚、西亚和北非比较，下列说法不正确的是___,15
2351,美国,巴西,日本,中国,D,0,全球第一部国家级的《21世纪议程》诞生于___,15
2352,伏尔加格勒,列宁格勒,明斯克,戈尔巴乔夫格勒,A,0,俄罗斯的斯大林格勒更名为___,15
2353,春,夏,秋,冬,D,0,地中海气候区的雨季通常在___,15
2354,西陵峡,巫峡,瞿塘峡,三门峡,C,0,长江三峡位于最西面的一个峡谷是___,15
2355,重庆,郑州,武汉,杭州,C,0,长江发生特大洪水时，下列城市受威胁最大的是___,15
2356,青藏高原,东非高原,中西伯利亚高原,云贵高原,A,0,下列地区中，湖泊数最多的是___,15
2357,北京~杭州,北京~天津,天津~山东济宁,山东（东平湖）~杭州,D,0,“京杭运河”通航河段是___,15
2361,非洲,南美洲,亚洲,欧洲,D,0,世界上人口密度最大的大洲是___,15
2362,内蒙古高原,四川盆地,珠江三角洲,松嫩平原,A,0,下列地区中，土地利用类型不是以耕地为主的是___,15
2363,总量小,破坏严重,资源浪费,人口基数大增长快,D,0,造成我国自然资源形势严峻的最主要原因是___,15
2364,工业,农业,交通,商业,C,0,被称为经济发展先行官的产业是___,15
2365,上海淮海路,北京中关村,南京珠江路,天津高新技术产业园区,B,0,我国最早建立高新技术试验区的是___,15
2367,壮族,黎族,回族,高山族,D,0,台湾省聚聚的少数民族是___,15
2368,大陆性气候,季风性气候,海洋性气候,地形复杂多样,B,0,我国东部广大地区雨热同期的原因是由于___,15
2370,明朝,元朝,唐朝,宋朝,A,0,钓鱼岛从何时开始就明确为我国的领土___,15
2371,荷兰海牙,英国伦敦,荷兰鹿特丹,法国马赛,C,0,假如让你到欧洲去考察世界上最大的海港，你应该去___,15
2372,冬季比北京冷,冬季比北京温暖,冬季气候和北京差不多,冬季比北京干燥,B,0,如果你的家人冬季到西欧去旅行，你一定会告诉他那里___,15
2375,鄂毕河,伏尔加河,多瑙河,勒拿河,B,0,欧洲最长的河流是___,15
2376,平原和山地,山地和丘陵,平原和高原,高原和盆地,A,0,欧洲西部的主要地形为___,15
2377,一种时间单位,描述距离的单位,飞船的运动速度,描述温度的单位,B,0,“光年”是指_____的单位,15
2378,恒星,行星　,卫星,流星,B,0,地球属于太阳系的_____,15
2380,23°26,35°37,40°13,18°5,A,0,地球的赤道面___________与地球轨道平面_____交角是______,15
2382,90.6%,96.5%,97.3%,91.6%,B,0,地球表面的70%是被水覆盖着的，其中有多少是海水？_____,15
2383,0.003%左右,0.002%左右,0.001%左右,0.005%左右,A,0,地球上淡水资源其中一半以上是冰，江河湖泊等可直接利用的水资源，仅占整个水量的多少？_______,15
2384,可见光,紫外线,不可见光,红外线,C,0,太阳光是由三部分组成下面哪种不是太阳光的组成之一？_______ ,15
2385,一半80,三分之一80,一半80,三分之二80,A,0,地球岩石圈可分为大洋岩石圈和大陆岩石圈，总体上，前者的厚度是后者的多少，其中大洋岩石圈厚度很不均匀，最厚处可达多少公里？_______,15
2386,青海湖,洞庭湖,潘阳湖,太湖,C,0,中国最大的淡水湖是______________,15
2387,东岳泰山,西岳华山,南岳衡山,北岳恒山,A,0,被古代皇帝御封的五座大山――五岳，其中位于五岳之首的是____________,15
2388,土地,草原,矿产,海水,C,0,汽车制造与下列哪种自然资源有关_______,15
2389,四川盆地,内蒙古高原,珠江三角洲,松嫩平原,B,0,下列地区中，土地利用类型不是以耕地为主的是_______ ,15
2390,长江黄河,长江雅鲁藏布江,长江珠江,长江松花江,B,0,我国水能资源最丰富的两条河流是_______,15
2391,总量小,破坏严重,浪费严重,人口增长快,D,0,造成我国自然资源形势严峻的最主要原因是_______,15
2392,铁路,公路,水运,航空,D,0,从成都到拉萨沿途进行科学考察应采用的运输方式是_______,15
2393,地形,水分,热量,土壤,C,0,导致我国南北方耕作制度____差异的主要自然因素是_______,15
2394,成都平原,太湖平原,三江平原,珠江三角洲,C,0,下列地区中，适宜种植春小麦和甜菜的是_______,15
2395,春季,夏季,秋季,冬季,D,0,地中海气候区的雨季通常在：_______,15
2396,琉球群岛,马来群岛,西印度群岛,阿留申群岛,B,0,2002年5月20日宣布独立的东帝汶民主共和国位于：_______,15
2397,明朝,唐朝,巴元朝,宋朝,A,0,钓鱼岛从何时开始就明确为我国的领土? _______,15
2398,大亚湾核电站,泰山核电站,岭澳核电站,田湾核电站,A,0,我国第一座投入商业运营的核电站是：_______,15
2399,地处地中海文明中心,位于西欧海外可攻守自如,蕴藏丰富的石油资源,居世界最繁忙的空运枢纽,B,0,英国有何优越的地理位置助其发展为自17世纪至19世纪世界的经济强国? _______,15
2400,奥地利,捷克,匈牙利,波兰,D,0,在下列东欧诸国中，哪一国家地势低平，四周多强邻，因而在过去两百多年中，疆界多变，并屡遭瓜分? _______,15
2402,地球是我们唯一的家园,善待地球――保护资源,善待地球,保护我们的家园,B,0,2003年4月22日是第34个地球日，今年地球日的主题是：_______,15
2403,9―10月,7―8月,5―6月,3―4月,B,0,2008年第29届夏季奥运会将在我国的北京举办，从气候条件考虑，最佳的比赛时间是：_______,15
2404,马赛～太平洋,鹿特丹～北海,汉堡～地中海,符拉迪沃斯托克～北冰洋,B,0,下列港口与所临海域相符合的是：_____,15
2405,欧洲联盟(UN),世界贸易组织(WTO),石油输出国组织(OPEC),东南亚国家联盟(ASEAN),A,0,世界上最大的区域性贸易集团是：_______,15
2407,行政机关,行政相对方,行政权,行政行为,C,0,行政法的核心是规范___ ,15
2409,行政机关,行政相对方,行政主体,授权组织,C,0,行政法律关系中不可缺少的一方主体是___ ,15
2410,主体、客体,内容,客体,主体,D,0,甲、乙双方签订了货物买卖合同，由甲方向乙方提供货物。后经甲方同意，乙方将合同中的权利、义务转给丙。这样，法律关系的_____就发生了变更。 ,15
2411,公定力,确定力,拘束力,执行力,B,0,行政行为的不可变更力是指行政行为具有___ ,15
2412,行政公署,街道办事处,区公所,居民委员会,D,0,下列各项中不属于地方人民政府设立的派出机关的是___,15
2413,15年,10年,12年,20年,B,0,被判无期徒刑的犯罪分子，实际执行___以上，才可以假释。 ,15
2414,平等权,受教育权,人格尊严不受侵犯,迁徙自由,C,0,下列哪些是现行宪法新增加的内容：____ ,15
2415,1991年1月1日,1991年9月4日,1992年1月1日,1999年11月1日,C,0,《中华人民共和国未成年人保护法》是于____正式施行的。,15
2417,可以免除或者减轻处罚,应当免除或减轻处罚,可以从轻、,可以从轻或减轻处罚,A,0,外国人在中国领域外侵害中国国家或者中国公民利益，仍然可以依照中国法律追究，但在外国已受过刑罚处罚的___。 ,15
2419,1,2,3,4,C,0, 到目前为止，我国对现行宪法进行了____次修改： ,15
2420,所有商品,家用电器,包修、包换、包退的大件商品,包修、包换、包退的所有商品,C,0,依据《消费者权益保护法》规定，对___，消费者要求经营者修理、更换或退货的，经营者应承担运输等合理费用。,15
2424,互惠互利,友好协商,诚实信用,<blank>,C,0,民事活动应当遵循自愿、公平、等价有偿、___的原则。,15
2425,宪法,刑法,民法,地方性法规,A,0,我国的根本大法是___,15
2427,宪法是所有法律的总和,宪法具有最高的法律效力,宪法是规定国家所有问题的法律,宪法和普通法律地位平等,B,0,马克思说：“宪法是法律的法律。”这句话的意思是___,15
2428,德育,素质教育,政治教育,<blank>,B,0,学校的国防教育是全民国防教育的基础，是实施的___重要内容。  ,15
2431,一,二,三,四,D,0,建国以来，我国先后颁布过___部宪法。,15
2432,3年,2年,1年,<blank>,A,0,因环境污染损害赔偿提起诉讼的时效期间为___年，从当事人知道或者应当知道受到污染损害起时计算。,15
2433,环保部门,公安机关,城管部门,<blank>,B,0,根据《环境噪声污染防治法》，从家庭室内发出严重干扰周围居民生活的环境噪声的，由___给予警告，可以并处罚款。,15
2434,最基本,最根本,最普遍,最普通,B,0,宪法规定了国家生活中___的问题。,15
2436,法律效力,政治地位,经济地位,社会地位,A,0,宪法具有最高的___。,15
2438,免费治疗,积极控制,预防为主,<blank>,C,0,国家对传染病实行___的方针。,15
2439,交通信号灯、交通标志、交通标线和交通警察的指挥,绿灯、红灯和黄灯信号,直行信号、转弯信号、停止信号,<blank>,A,0,交通信号包括___。,15
2440,两年,十年,终生,<blank>,C,0,造成交通事故后逃逸的，由公安机关交通管理部门吊销机动车驾驶证，且___不得重新取得机动车驾驶证。   ,15
2441,一年,二年,三至六个月,<blank>,B,0,强制隔离戒毒期限一般为____。,15
2442,海鱼,豆浆,青菜,生姜,A,0,感冒忌用下列哪一种食物___,15
2443,50%的盐水,<blank>,<blank>,<blank>,C,0,洗有颜色的衣服时，先用___浸泡10分钟，然后再洗，不容易掉色。,15
2444,维生素A和维生素C,维生素B1和维生素C,维生素C,维生素B6,A,0,柠檬汁有哪些营养含量___,15
2448,防腐剂,合成抗氧化剂,食用色素,<blank>,B,0,方便面里必然有哪种食品添加剂___,15
2449,没有水就没有生命,饮用水越纯净越好,养成良好的饮食习惯，多吃蔬菜、水果等碱性食物,<blank>,C,0,关于合理饮食有利于健康的下列说法正确的是___,15
2450,乙型肝炎,糖尿病,高血压,贫血,C,0,低盐饮食有利于预防什么疾病？___,15
2451,甲亢,无力,心理疾病,生长发育和智力受影响,D,0,碘缺乏会导致儿童、青少年___。,15
2452,糖水,糖醋水,盐开水,白开水,C,0,夏季在烈日下工作或运动量过大出汗多时，为预防中暑应多喝___。,15
2453,烧菜前用碘盐爆锅,烧菜加水后,烧菜加水前,菜将出锅时,D,0,烧菜时最好在何时加碘盐以减少碘的损失？___,15
2455,食物中的葡萄糖,肝糖元分解形成的葡萄糖,饮水中的碘,食物中的胡萝卜素,B,0,下列不属于营养物质的是___,15
2457,营养物质摄入过多时，一定使人发胖,营养物质摄入过多时，一定排出,营养物质摄入过多时，氧化分解加强，释放能量多,在人体内可以利用必需氨基酸合成非必需氨基酸,D,0,下列关于营养物质的叙述中，正确的是____,15
2458,盐,醋,洒精,酱油,B,0,理发吹风前，在头上喷一点___，洗烫的发式样能长久保持。,15
2459,⑦⑤③②,⑦①④②,⑧⑥④②,⑥③④①,B,0,成年人中的骨质软化病、夜盲症、脚气病、坏血病都属于营养缺乏症，缺少的营养物质依次是___①维生素A ②维生素C ③锌盐 ④维生素B1 ⑤碘盐 ⑥维生素K ⑦钙盐 ⑧铁盐,15
2461,是维持机体新陈代谢必不可少的物质,是构建机体组织和调节机体生理功能必不可少的物质,是某些特殊生理功能所不可缺少的物质,绝大多数维生素不能在人体内合成,B,0,有关维生素的叙述不正确的是____,15
2462,铁,碘,钙,锌,B,0,自然界中，有“智慧元素”之称的是 ___,15
2463,生产日期,最终食用期,最佳食用期,出厂日期,C,0,食品的保质期是指它的： ___,15
2464,长期多食鸡蛋会导致胆固醇偏高,空腹不宜饮茶,死鳝鱼、死甲鱼、死螃蟹只要做熟了还是能吃的,关节炎患者不宜吃海鲜时喝啤酒,C,0,下列说法中不正确的是：___,15
2465,绿色食品、有机食品、无公害食品,有机食品、绿色食品、无公害食品,绿色食品、无公害食品、有机食品,无公害食品、有机食品、绿色食品,B,0,绿色食品、有机食品、无公害农产品标准对产品的要求由高到低依次排列为：___,15
2467,喝没有煮沸的豆浆,豆浆中冲入鸡蛋,喝豆浆时搭配其他食物,用保温瓶长时间储存豆浆,C,0,豆浆又叫“植物奶”，被国际营养协会评定为健康食品和世界六大营养饮料之一。但是喝豆浆也有注意事项，以下正确的食用方法是：___    ,15
2468,绿色食品,新鲜蔬菜,富含维生素C的水果,各种杂粮,C,0,亚硝酸盐属剧毒类化学物质，又叫工业用盐，如酸菜中就含一定量的亚硝酸盐，吃酸菜时最好吃一些___，可减少亚硝酸盐的危害。,15
2469,采下来带回家食用,凭经验判断无毒的就可带回家食用,咨询围人后感觉安全再食用,野生的蘑菇不安全，不采摘也不食用,D,0,郊游时，看见野生蘑菇，您应该怎么做？___,15
2470,催吐,吃止泻药物,进行人工呼吸,向卫生防疫部门报告,A,0,出现食物中毒症状或者误食化学品时，最先采取的急救措施是____,15
2471,酱油,花椒面,味精,醋,D,0,铜器与___不宜长久接触，否则会产生铜绿。用生有铜绿的铜器盛放食品或烹炒菜肴易中毒。,15
2472,猪油、花生油等油脂属于酯类,珂罗酊用于封瓶口,肥皂的主要成份是高级脂肪酸钠,火棉的成份实际就是纤维素,D,0,下列说法不正确的是___,15
2473,丙酮,酒精,盐水,醋,A,0,下列哪个试剂可用于除去圆珠笔痕迹___ 。,15
2475,汽油,柴油,丁烷和煤油,重油和酒精,C,0,现代体育运动会“火炬”火炬中常用的火炬燃料是___,15
2476,BAS,CuS,ZnS,CAS,C,0,能够做电视机荧光材料的物质是___,15
2478,具有吸附性,具有氧化性,具有还原性,化学性质不活泼,D,0,埋木桩前，将埋入地下的一段表面用火微微烧焦，是因为碳在常温下___,15
2479,银制容器,不锈钢制容器,陶制容器,铝制容器,A,0,煮鸡蛋时不宜用以下哪种容器___,15
2480,碘,硫,汞,氟,D,0,下列元素中的___污染大气或饮水时，可引起人的牙齿骨质疏松。,15
2481,面包,苹果,鸡蛋,巧克力,A,0,牛奶可跟以下哪种物质一起食用___,15
2482,酒,桔子,苹果,海味,D,0,下面哪个物质可同胡萝卜同食___,15
2483,金,铁,锌,锡,C,0,在生活中常说的“五金” 不包括下列哪种金属___,15
2484,红色蔬菜,白色蔬菜,绿色蔬菜,黄色蔬菜,B,0,营养学家分析了各种蔬菜的养分，下列___的营养物质最低。,15
2486,水果可以代替蔬菜,削去果皮不能解决农药问题,水果富含的维生素特别多,多吃水果可以减肥,B,0,很多人都喜欢吃水果，下列关于水果的选项哪个是正确的___,15
2487,55%,65%,75%,85%,C,0,金饰品常用K代表其含金量，18K 金饰品的含金量是___,15
2488,锌锰合金,铜锌合金,铜锰合金,铜铁合金,B,0,装订精良的大书，书上印着金灿灿的烫金字的组成___。,15
2489,铁、铝,铁、碳,铁、锡,铁、铜,B,0,钢是由什么组成的？___,15
2490,赤色金,褐色金,红色金,黄色金,C,0,黄金与其它金属混合可以制成五颜六色的色金首饰，当黄金与铜按比例混合，能制成___,15
2492,根本法和普通法,一般法和特别法,国内法和国际法,实体法和程序法,C,0,按照制定和实施法律的主体不同，可以把法律划分为___。,15
2495,调整的社会关系的种类,调整的方法,保障权利的途径,调整的机制,A,0,法律___是划分部门法的首要的、第一位标准。,15
2496,1949,1950,1952,1954,D,0,我国第一部社会主义类型的宪法是___年制定的宪法。,15
2498,权利,权力,义务,权利和义务,D,0,我国宪法规定，公民有受教育的___。,15
2499,领导,指导,监督,管理,C,0,最高人民法院是我国的最高国家审判机关，___地方各级人民法院和专门人民法院的审判工作。,15
2500,行政法就是指行政法规,行政法是行政法规的渊源之一,行政法规是行政法的渊源之一,行政法与行政法规是效力不同的两种类别的规范性文件,C,0,行政法与行政法规的关系是___。,15
2501,5,6,7,8,D,0,私营企业是指企业资产属于私人所有，雇工达到___人以上的营利性经济组织。,15
2502,流转税,财产税,所得税,营业税,A,0,增值税属于___。,15
2504,刘母,刘父,幼儿园,刘迪,D,0,刘迪，6岁，在北京幼儿园学习绘画数年，1989年夏天，某机构组织儿童绘画展，刘迪的画被选中参展，并获得一等奖，得奖金1000元。此时刘迪父母已离异，其母张某为刘迪的监护人，刘迪之父每月给刘迪100元抚养费。1000元奖金应归___所有。,15
2505,占有权,使用权,用益权,处分权,D,0,财产所有权中最核心的是___。,15
2506,使用在先,申请在先,申请在先并且使用在先,设计在先,A,0,两个或两个以上的申请人在同一种商品上以相同或相似的商标在同一天申请注册的，商标局应当依照我国商标法的规定公告___的商标。,15
2508,可以成为所有犯罪的主体,只能成为法律明文规定可由单位构成的犯罪的主体,不能成为任何犯罪的主体,能否成为犯罪的主体由法院根据具体情况确定,B,0,根据我国刑法规定，单位___。,15
2509,可以免除,应当减轻,可以减轻,应当从轻,B,0,我国刑法规定，对于中止犯，没有造成损害的，应当免除处罚；造成损害的，___处罚。,15
2510,全国人大常委会,最高人民检察院,最高人民法院,中共中央政法委,B,0,我国刑法规定，法定最高刑为无期徒刑、死刑的，经过20年就不再追诉；如果20年以后必须追诉的，须报请___批准。,15
2511,应负刑事责任，但应当从轻或减轻处罚,应负刑事责任，但可以从轻或减轻处罚,应负刑事责任，但可以减轻或免除处罚,不负刑事责任,A,0,中学生某甲，1983年4月5日生。1998年3月28日，他故意把一同学打成重伤，某甲对于他的这一行为，___。,15
2512,自然规律,唯物史观,英雄史观,历史传统,B,0,为人民服务的人生观反映了___。,15
2514,人生观,人生价值观,历史观,世界观,B,0,___在价值观念体系中居于深层次的、核心地位。,15
2515,必须怎样,可以怎样,不准怎样,应当怎样,D,0,道德提倡___。,15
2516,追求真理,自强不息,勤劳勇敢,关心国家,A,0,___是中国革命道德传统。,15
2517,政治立场,社会理想,发展道路,为谁服务,D,0,___是道德问题的核心。,15
2518,婚姻自主,情感基础,相濡以沫,共同生活,A,0,婚姻的基本要求是___。,15
2519,立志,学习,内省,实践,D,0,___是道德修养最根本的方法。,15
2520,忍让,软弱,教养,妥协,C,0,在人际交往中，宽容是一种___。,15
2521,理性认识,科学思维,自觉意识,系统,A,0,思想指人的___。,15
2522,地球日,节水日,爱鸟日,世界环境日,D,0,第27届联合国大会决定把每年的6月5日定为_____   ,15
2523,盐酸,二氧化碳,二氧化硫,氯氟烃,C,0,一般认为，我国酸雨形成的主要原因是_______等酸性气体进入大所后，逐步形成PH<5.6的酸性降水.   ,15
2524,红外线,紫外线,可见光,热量,B,0,臭氧是一种天蓝色、有臭味的气体，在大气圈平流层中的臭氧层可以吸收和滤掉太阳光中大量的________，有效保护地球生物的生存。 ,15
2525,一级,二级,三级,四级,A,0,我国有许多世界珍稀动物，金丝猴就是其中之一，它是国家_______保护动物。 ,15
2526,60,90,120,140,C,0,噪声的来源主要有交通噪声、工业噪声、建筑施工噪声和社会噪声。人耳开始感到疼痛的声音叫痛阈，其声级为________分贝。,15
2528,羚羊,野鹿,麋鹿,马鹿,C,0,有一种头似马、角似鹿、尾似驴、蹄似牛，俗称“四不像”的珍奇动物，其野生种群18世纪在我国灭绝。1985年我国分批引进80多只，建立自然保护区，进行在自然界恢复野生种群的研究，这种动物是_____。 ,15
2529,铅,甲基汞,黄曲霉素,农药DDT,B,0,1956年，发生在日本熊本县的水俣病是由于人们食用被________污染的鱼类后，在体内积累，逐渐引起的神经性疾病。 ,15
2531,浊度,矿化度,酸碱度,化学需氧量,C,0,水体被污染的程度，可由溶解氧____、生化需氧量_____、______________、总需氧量_____和总有机碳_____等多项指标综合表示。,15
2534,50以下,<blank>,101~200,201~300,C,0,重点城市空气质量周报，目前主要有污染指数、首要污染物、空气质量级别三项内容。当污染指数在________之间时，空气质量为3 级，属轻度污染。  ,15
2535,健康标准,食品工业,药品生产,环境管理,D,0,ISO14000系列标准是国际标准化组织制定的有关___的系列标准. ,15
2538,2010年远景目标纲要,可持续发展,生态保护,防治污染,B,0,1994年3月，中国政府批准的《中国21世纪议程――中国21世纪人口、环境与发展白皮书》从具体国情出发，提出了中国_______的总体战略、对策以及行动方案。 ,15
2539,大气圈,水体圈,土壤圈,生物圈,D,0,是联系有机物和无机物的中心环节，也是与人类关系最密切的一种环境要素。_______   ,15
2540,铁,硒,碘,钙,C,0,如果一个地区的   元素分布异常，可引起地方性甲状腺肿或克汀病。_____ ,15
2541,生产者,消费者,分解者,还原者,C,0,生态系统中的“ ”包括绿色植物、光能细菌和化能细菌，是构成生态系统的基础。______  ,15
2542,2月12日,3月12日,4月12日,5月12日,B,0,中国“植树节”是每年的   。_______ ,15
2543,泰国,瑞士,肯尼亚,美国,B,0,联合国环境规划署总部设在   的首都。______ ,15
2544,＞5.6,＞7,＜5.6,＜7,C,0,酸雨是指pH值   的大气降水。______,15
2546,俄罗斯,朝鲜,日本,中国,D,0,世界上最大的丹顶鹤越冬地在    。______,15
2548,大象,老虎,藏羚羊,金丝猴,C,0,青海可可西里国家级自然保护区主要的保护对象是 。_____  ,15
2550,沼气,太阳能,煤炭,风力,C,0,不属于清洁能源。______  ,15
2551,40亿,50亿,60亿,70亿,C,0,1987年7月11日世界人口突破了，联合国因此把7月11日定为“世界人口日”___ ,15
2553,环境卫生,环境质量,空气水质,天气情况,B,0,《中华人民共和国环境保护法》规定，地方各级人民政府，应当对本辖区的___负责，采取措施改善环境质量。,15
2556,氧气,氢气,二氧化硫,一氧化碳,C,0,二氧化碳、氮氧化物和___。,15
2557,原始,次生,生态,生物,C,0,《中华人民共和国环境保护法》规定，开发利用自然资源，必须采取措施保护___环境。,15
2558,规划,建设项目,规划和建设项目,以建设项目,C,0,环境影响评价是指，对___实施后可能造成的环境影响进行分析、预测和评估，提出预防和减轻不良环境影响的对策和措施，进行跟踪监测的方法和制度。,15
2560,中华鲟,白鳍豚,扬子t,蓝鲸,B,0,世界上最濒危的鲸类物种，属国家一级保护动物，被称为“长江女神”是指___。,15
2561,“世界人口日”,“世界地球日”,“世界环境日”,“世界无烟日”,C,0, 1972年10月，第27届联合国大会通过了联合国人类环境会议的建议，规定每年的6月5日为___。,15
2562,战争问题,资源问题,环境问题,人口问题,A,0,"下列问题中, 不属于当今世界三大难题的是____",15
2563,水,石油,森林,土地,D,0,"下列自然资源中, 属于非可再生自然资源的是____",15
2564,80亿,150亿,100亿,91亿,A,0,"据联合国最近发表的观测报告说, 到2030年,世界人口将达____",15
2566,洞庭湖,鄱阳湖,巢湖,洪泽湖,B,0, 我国第一大淡水湖是____,15
2567,日本,加拿大,芬兰,巴西,A,0,世界上森林覆盖率最高的国家____,15
2568,9%,20%,10%,30%,A,0, 中国沙漠、戈壁、沙漠化土地、风沙土地占国土面积的____,15
2570,新疆虎,新疆北鲵,斑林狸,塔里木兔,A,0,在我国已灭绝的10种野生动物中，新疆占了3种，它们是野马、高鼻羚羊和___,15
2571,丹顶鹤,大熊猫,骆驼,华南虎,B,0,中国野生动物保护协会的会徽是_____,15
2572,酸水,酸雨,酸雾,酸汁,B,0,因空气污染引起的酸性降水被称为_____。,15
2574,普通,无磷,廉价,高价,B,0,保护水环境，我们应该选择使用___洗衣粉。,15
2575,工业废水,生活污水,旅运、水运,大气降水,C,0,不属于造成水体污染原因的是____,15
2576,12315,148,12369,400-8208820,C,0,全国统一的环境问题举报免费热线电话是_____,15
2578,3月12日,5月2日,2月2日,6月5日,C,0,湿地保护是环境保护的重要领域，是国际自然保护的一个热点；世界湿地日为每年的：_____。,15
2579,高血压,冠心病,中风,耳聋,A,0,噪声是_____的祸根。,15
2581,1\\/2,1\\/3,1\\/4,1\\/5,C,0,我国是一个缺水的国家，人均水资源仅为世界人均量的___。,15
2869,汉乐府,北朝乐府,南朝乐府,唐乐府,C,0,《西洲曲》是一首 ___,15
2870,《归园田居》,《移居》,《饮酒》,《种豆南山下》,B,0,“奇文共欣赏，疑义相与析”出自___,15
2871,孟浩然,李白,杜牧,谢灵运,A,0,盛唐山水诗人中能与王维齐名的是___,15
2872,田园山水诗人　,边塞诗人,现实主义诗人,浪漫主义诗人,A,0,王维是唐代著名的___,15
2873,田园山水诗人,边塞诗人,现实主义诗人,浪漫主义诗人,B,0,高适是唐代著名的___,15
2874,欧阳修,王安石,柳宗元,曾巩,C,0,下列人物都属于“唐宋八大家”，其中不属于宋代的是___。,15
2875,“淇则有岸，裨蛴秀”。,来归相怨怒，但坐观罗敷。,周公吐哺，天下归心。,长风破浪会有时，直挂云帆济沧海。,A,0,找出下列比兴句___,15
2876,孔子和荀子,孟子和庄子,墨子和老子,李斯和庄子,A,0,下列思想家同属儒家学派的是___,15
2878,不同的地域,不同的时期,音乐的性质,篇幅的长短,C,0,《诗经》中的风、雅、颂是按___来划分的。,15
2879,孔子的中心思想,墨子的中心思想,孟子的中心思想,庄子的中心思想,B,0,“兼爱”是___,15
2880,西周初年至战国,西周初年至春秋中叶,春秋至战国,整个周代,B,0,《诗经》所收之诗，大致产生于___。,15
2881,《江汉临泛》,《山中》,《鹿柴》,《渭城曲》,B,0,下列哪首王维的诗歌体现的是初冬的幽美景色___,15
2883,《十五从军征》,《移居》,《饮酒》,《桃花源记》,A,0,下列不属于陶渊明的作品的是___,15
2884,七言律诗,七言歌行　,五言绝句,七言绝句,D,0,王昌龄最擅长的是___,15
2886,王昌龄,王维,李白,李商隐,D,0,大量创作“无题”诗，并对后世特别是宋初西昆派诗人产生很大影响的诗人是___,15
2888,李煜,李景,辛弃疾,李清照,D,0,易安居士是作家___的号。,15
2889,杜甫,黄庭坚,陆游,刘禹锡,B,0,有“点铁成金”、“夺胎换骨”之说的诗人是___,15
2890,空山新雨后，天气晚来秋,明月松间照，清泉石上流,竹喧归浣女，莲动下渔舟,随意春芳歇，王孙自可留,D,0,王维《山居秋暝》中，流露出隐居山中之意的诗句是___,15
2892,少无适俗韵，性本爱丘山,羁鸟恋旧林，池鱼思故渊,榆柳荫后檐，桃李罗堂前,狗吠深巷中，鸡鸣桑树颠,B,0,《归园田居》诗句中，具有比喻意义的是___,15
2893,父亲,哥哥,儿子,弟弟,D,0,苏轼《水调歌头》小序云：“丙辰中秋，欢饮达旦，大醉，作此篇兼怀子由。”这里的子由是苏轼的___,15
2895,王维,岑参,杜甫,李白,D,0,唐代诗人中有“诗仙、诗圣、诗佛、诗雄”美称的诗人依次是___,15
2897,随意春芳歇，王孙自可留。,凤凰台上凤凰游，凤去台空江自流。,长风万里送秋雁，对此可以酣高楼。,庄生晓梦迷蝴蝶，望帝春心托杜鹃。,C,0,下面诗句中未用典故的一句是___,15
2898,辛弃疾,李清照,柳永,苏轼,B,0,以宋室南渡为界，词作的情感和风格呈现出两种不同面貌的作家是___,15
2899,鲁迅,郭沫若,戴望舒,老舍,C,0,《雨巷》这首诗创造了一个“梦一般凄婉迷茫”的意境，其作者是___,15
2902,儒,佛,道,法,C,0,苏轼《前赤壁赋》中所说之理是___家之理。,15
2903,英,法　,美　,俄,C,0,诙谐幽默、寓悲于喜，形成“含泪的微笑”的独特风格的作家是___国作家。,15
2904,才自清明志自高，生与末世运偏消。清明涕送江边望，千里东风一梦遥。,勘破三春景不长，缁衣顿改昔年妆。可怜绣户侯门女，独卧青灯古佛旁。,霁月难逢，彩云易散。心比天高，身为下贱。风流灵巧招人怨。寿夭多因诽谤生，多情公子空牵念。,情天情海幻情身，情既相逢必主淫；漫言不肖皆荣出，造衅开端实在宁。,A,0,《红楼梦》中对探春的判词是___,15
2905,《谏逐客书》,《李将军列传》,《段太蔚逸事状》,《张中丞传后叙》,B,0,成语“桃李不言，下自成蹊”出自 ___,15
2906,借景抒情,借典故抒情,直抒胸臆,借叙事抒情,D,0,杜甫《兵车行》 “ 牵衣顿足拦道哭，哭声直上干云霄 ” 两句的抒情方式是___,15
2907,笑辄不辍-----矢不复笑-----伏尸痛哭,笑辄不辍-----矢不复笑-----笑须有时,笑辄不辍-----惩罚淫徒-----矢不复笑,笑辄不辍----隐蔽于笑----惩恶葬母,A,0,婴宁性格转化的轨迹是___,15
2908,屈原,陶渊明,谢灵运,王维,C,0,我国文学史上最早大量写作田园诗的诗人是 ___,15
2909,气候―晚风―过雁―黄花―梧桐细雨,晚风―气候―过雁―黄花―梧桐细雨,过雁―黄花―梧桐细雨―晚风―气候,气候―晚风―黄花―过雁―梧桐细雨,A,0,李清照《声声慢》词中用以渲染愁情的景物依次是 ___,15
2910,批评秦王劳民伤财，声色误国,渲染秦国强大富足，无所不有,投其所好，以便说服秦王收回逐客令,阐发重物轻人不可能统一天下的道理,C,0,李斯在《谏逐客书》中，大肆铺陈秦王所喜好的珍宝、美色、音乐，是为了___,15
2912,春花秋月,东风明月,雕栏玉砌,一江春水,D,0,在《虞美人》_________中，用来作喻的景物是___,15
2915,但为君故，沉吟至今,问君能有几多愁?恰似一江春水向东流,君莫舞，君不见、玉环飞燕皆尘土,乃敢与君绝,B,0,"下列诗句、词句中\\""君\\""为作者自指的是___",15
2916,郭沫若,艾青,郁达夫,朱自清,B,0,在中国现代文坛上，以诗歌为主的作家是___,15
2917,每日早晨都到小花厅会齐办事,临寝之先，带上夜人到各处巡查一次,免去部分重叠的开支,将大观园承包给各位老妈管理,D,0,探春对大观园的管理进行改革，其中最有创意的措施是：___,15
2919,冰心,冯沅君,苏雪林,庐隐,B,0,五四时期创作《隔绝》、《旅行》等小说的女作家是___,15
2920,新月诗人朱湘,现代派诗人戴望舒,象征派诗人李金发,中国诗歌会诗人蒲风,B,0,诗集《草莽集》的作者是___,15
2923,郭沫若的《女神》,徐志摩的《志摩的诗》,闻一多的《红烛》,胡适的《尝试集》,D,0,中国现代第一部新诗集是___,15
2924,田汉的《咖啡店之一夜》,洪深的《赵阎王》,欧阳予倩的《泼妇》,胡适的《终身大事》,D,0,中国现代最早的剧本是___,15
2925,冰心,叶绍钧,朱自清,庐隐,B,0,"五四时期以创作\\""教育小说\\""知名的作家是___",15
2926,张天翼,王统照,叶绍钧,郁达夫,C,0,童话集《稻草人》和《古代英雄的石像》的作者是___,15
2927,朱自清,许地山,冰心,庐隐,B,0,散文集《空山灵雨》的作者是___,15
2928,鲁,王统照,吴组缃,沙汀,B,0,长篇小说《山雨》的作者是___,15
2929,闻一多,郁达夫,柔石,殷夫,B,0,抗日战争期间因进行抗日文化宣传活动，抗战胜利后被日本宪兵队秘密杀害的中国现代知名作家是___,15
2930,郁达夫,李健吾,冯文炳,林语堂,A,0,游记散文集《屐痕处处》的作者是___,15
2931,《荒村》,《一句话》,《死水》,《洗衣歌》,B,0,闻一多表达对祖国新生坚定信念的诗篇是___,15
2932,骆宾基,端木蕻良,冯文炳,萧军,C,0,小说集《竹林的故事》和长篇小说《桥》的作者是___,15
2933,穆木天,蒲风,李金发,戴望舒,C,0,诗集《微雨》的作者是___,15
2935,茅盾,曹禺,老舍,巴金,C,0,现代著名作家中，原名舒庆春，字舍予的是___,15
2936,艾青,艾芜,老舍,巴金,D,0,现代著名作家中，本名李尧棠，字芾甘的是___,15
2937,田汉,洪深,曹禺,夏衍,C,0,原名万家宝的现代著名戏剧家是___,15
2938,汉族作家,回族作家,满族作家,蒙族作家,C,0,老舍是___,15
2939,新青年社,新潮社,文学研究会,创造社,C,0,中国现代第一个新文学社团是___,15
2941,语丝社,文学研究会,创造社,新月社,B,0,郑振铎是哪个新文学社团的成员___,15
2942,1921年,1922年,1919年,1923年,A,0,创造社的成立时间是___,15
2943,新月社,沉钟社,创造社,文学研究会,C,0,成仿吾是哪个新文学社团的成员___,15
2945,文学研究会,语丝社,未名社,创造社,D,0,"本着\\""内心的要求\\""从事文学活动的新文学社团是___",15
2949,自由体诗,格律诗,民歌体诗,象征诗,B,0,《晨报副刊?诗镌》提倡和发表的主要是___,15
2950,1921年,1922年,1923年,1924年,D,0,语丝社的成立时间是___,15
2951,语丝社,莽原社,未名社,创造社,A,0,孙伏园是哪个新文学社团的成员___,15
2952,太阳社,沉钟社,未名社,语丝社,D,0,对中国现代散文做出重要贡献的是___,15
2953,未名社,狂飙社,沉钟社,浅草社,B,0,高长虹是哪个新文学社团的成员___,15
2954,弥洒社,湖畔诗社,新月社,创造社,A,0,胡山源是哪个新文学社团的成员___,15
2955,未名社,创造社,文学研究会,新月社,C,0,新文学第一个十年，对现实主义文学发展做出重要贡献的新文学社团是___,15
2957,未名社,狂飙社,弥洒社,沉钟社,A,0,以翻译外国文学、尤其是翻译介绍俄罗斯和苏联文学为主要特色的新文学社团是___,15
2958,浅草社,新月社,莽原社,创造社,C,0,提倡和多发表社会批评和文明批评文章的新文学社团是___,15
2960,莽原社,沉钟社,狂飙社,弥洒社,C,0,"以\\""虚无的反抗\\""为思想特色的新文学社团是___",15
2961,弥洒社,沉钟社,莽原社,未名社,B,0,"致力于创作，被鲁迅评为\\""中国的最坚韧，最诚实，挣扎得最久的团体\\""是___",15
2962,五四运动前夕,"\\""五四\\""后",辛亥革命前,辛亥革命后,C,0,中国最早的话剧团体春柳社是成立于___,15
2965,夏衍,洪深,田汉,欧阳予倩,C,0,话剧团体南国社的主要成员是___,15
2966,穆木天,冯乃超,王独清,李金发,D,0,阐述艺术之朦胧美的《艺术之本原与其命运》一文的作者是___,15
2968,诗要再现社会生活的面貌,诗要抒发主观的情思,诗要暗示内生命的深秘,诗要揭示社会生活之本质,C,0,《谈诗--寄沫若的一封信》中强调的象征诗特征是___,15
2970,禅让制,世袭制,分封制,等级制,A,0,下列各项制度哪一项不符合西周情况___ ,15
2971,中国的井田制与日本的班田制,中国的均田制与日本的班田制,中国的井田制与俄国的农奴制,商鞅变法与明治维新所确立的两种土地制度,B,0,从生产资料所有制的性质看，下列选项中最相似的土地制度是___  ,15
2972,百家争鸣,东汉末年军阀混战,工农武装割据政权,实行家庭联产承包责任制,D,0,与中国封建经济基础无关的历史现象是___ ,15
2973,匈奴,鲜卑,羯,氐,A,0,推翻西晋王朝的少数民族是___,15
2974,《齐民要术》,《缀术》,《神灭论》,《水经注》,B,0,南朝祖冲之撰写的数学论文集___，是当时数学领域的最高成就，直到唐代还被用作数学课本。 ,15
2976,北宋汴河流域人以石油作燃料,北宋东京居民以石油作燃料,北宋东京居民以煤炭作燃料,河南开封是我国最早以煤炭作燃料的地区,C,0,“昔汴都数百万家，尽仰石炭，无一家燃薪者”这一记载所反映的历史是：___ ,15
2977,开辟通商口岸,开展自由贸易,打开中国市场,控制清朝政府,C,0,从本质方面看，两次鸦片战争的共同目的是___,15
2978,中国没有独立的主权,中国资本主义经济薄弱,中国资产阶级的两面性,十月革命的影响,A,0,资本主义道路在近代中国行不通的最根本原因是___ ,15
2980,长城,故宫,敦煌壁画,秦始皇陵兵马俑,D,0,世界第八大奇迹是指___ ,15
2981,南宋前期,南宋中期,北宋前期,北宋中期,C,0,___，四川地区出现的“交子”是世界上最早的纸币。 ,15
2982,中国民族资本主义的发展,中国无产阶级队伍的壮大,俄国十月革命的影响,五四运动的推动,A,0,中国旧民主主义革命向新民主主义革命转变的最根本的原因是___ ,15
2983,一边倒,两只拳头打人Ｃ、一条线,一大片,<blank>,A,0,我国60年代外交活动的主要特点是___ ,15
2984,美国,海地,古巴,墨西哥,B,0,美洲出现的第一个独立国家是___ ,15
2985,越南,印度,印尼,菲律宾,C,0,地处亚洲革命风暴最南端的国家是___ ,15
2987,世界形势发展的总趋势是走向缓和的,天下出现了太平的局面,在近期内不会发生世界大战,当今世界缓和与紧张、和平与动荡并存,B,0,在评价两极格局结束后的世界局势时不能够认为___ ,15
2988,华佗,扁鹊,张仲景,李时珍,B,0,中国古代第一个享有盛誉的名医，是春秋战国后期的民间医生___。创造了望、闻、问、切的四诊法，几千年来一直为中国传统医学所采用。 ,15
2989,1300,1200,1100,1000,A,0,司马光是北宋著名历史学家，他用了19年的时间编写的《资治通鉴》，是一部著名编年体通史，叙述了从战国到五代___多年的历史。 ,15
2990,7,7,6,6,B,0,1405到1433的近30年间，郑和率领的船队先后__次下西洋，到达亚、非___多个国家和地区。,15
2991,钦差大臣,援藏大臣,驻藏大臣,护藏大臣,C,0,1727年，清朝廷开始在西藏设___。其代表中央政府，同达赖和班禅共同管理西藏。  ,15
2992,北京条约,辛丑条约,马关条约,南京条约,D,0,1842年8月，清朝廷被迫与英国签订不平等的___，中国自此开始沦为半殖民地半封建社会。,15
2993,1856-1860,1856-1861,1857-1861,1857-1860,A,0, 第二次鸦片战争是英、法两国为了进一步扩大侵略特权而对中国发动的侵略战争，爆发于__年，英军进攻广州，___年10月结束。  ,15
2994,岳麓书院,白鹿洞书院,京师同文馆,国子监,C,0,___是中国第一所近代学校，1862年正式开学，主要教习外国语文和自然科学，培养了许多翻译人才和外交官员。  ,15
2995,叶志超,左宝贵,冯子材,邓世昌,D,0,___是中日甲午海战中的民族英雄。1894年9月17日黄海海战中，在弹尽舰伤情况下，他指挥致远舰快速冲向日舰吉野号，不幸被鱼雷击中，与全舰官兵250人一起壮烈牺牲。  ,15
2996,南京,北京,天津,广州,A,0,辛亥革命是1911年_____发生的由孙中山领导的民主革命，推翻了以清王朝为代表的封建帝制。1912年1月1日，中华民国临时政府在___成立，孙中山任临时大总统。 ,15
2997,1966-1977,1966-1976,1965-1978,<blank>,B,0,___，中国进行的“文化大革命”是错误的，给中国的建设事业带来了严重的破坏。 ,15
2998,容国团,蔡振华,庄则栋,<blank>,C,0,中国是著名的乒乓球王国，60年代中国著名选手___连续三次夺取了男子单打世界冠军。 ,15
2999,长城一号,彩虹一号,长江一号,<blank>,D,0,1970年4月24日，中国自行设计制造的第一颗人造地球卫星“___”由长征一号火箭成功发射。1988年9月27日，中国核潜艇水下发射运载火箭获得成功。中国空间技术进入新的时代。,15
3001,1999年12月1日,1997年12月20日,1997年7月1日,1999年12月20日,D,0,___，被葡萄牙统治了四百多年的澳门正式回归到中国的版图，邓小平“一国两制”的构想变成了现实。,15
3002,松江,建康,海南岛,杭州,A,0,元朝的棉纺织业中心和外贸港口分别是___ ,15
3003,鸭绿江,松花江,松花江,鸭绿江,D,0,明长城东起___，西到嘉峪关，蜿蜒__多公里，气势十分雄伟。 ,15
3005,兴中会,华兴会,光复会,同盟会,D,0,提出“驱逐鞑虏，恢复中华，建立民国，平均地权”的政治纲领的革命政党是___ ,15
3006,新文化运动,辛亥革命,五四爱国运动,京汉铁路工人大罢工,C,0,___是新民主主义革命的开端。  ,15
3007,1920,1920,1921,1921,B,0,第一个共产党组织的建立时间是___，地点是在__，建立者是__。 ,15
3009,中央革命根据地,井冈山革命根据地,湘赣革命根据地,闽浙革命根据地,B,0,中国革命在农村建立的第一和革命根据地是___ ,15
3010,8月15日,9月2日,9月9日,10月25日,A,0,日本帝国主义被迫宣布无条件投降是在1945年___ ,15
3011,英国,英国,美国,美国,D,0,19世纪末，20世纪初，___和__成为世界头号和二号资本主义工业大国。 ,15
3013,第一次代表大会,第二次代表大会,第六次代表大会,第七次代表大会,D,0,提出建立反法西斯统一战线的是共产国际的___ ,15
3014,1931年9月18日,1939年9月1日,1940年6月22日,1941年12月7日,B,0,第二次世界大战全面爆发的时间是___ ,15
3016,1949年,1955年,1957年,1967年,C,0,世界上第一颗人造地球卫星升空的时间是___ ,15
3017,鲁班,李冰,李春,赵括,C,0,隋朝工匠___营造的赵州桥，是中国历史上最著名的、也是世界上现存最古老的石拱桥。 ,15
3018,严复,蔡元培,胡适,梁启超,A,0,北京大学的第一位校长是___,15
3019,湖南,广西,山东,甘肃,C,0,大汶口文化遗址在我国的什么地方？___,15
3020,《孔子》,《孟子》,《庄子》,《韩非子》,B,0,"“民为贵,社稷次之,君为轻”这句话出自___",15
3021,赤壁之战,长平之战,巨鹿之战,官渡之战,C,0,"\\""破釜沉舟\\""这个成语出于哪次战争?___",15
3022,单刀赴会,水淹七军,大意失荆州,七擒七纵,D,0,以下历史事件中，与关羽无关的是___ ,15
3024,（1）（2）（3）,（5）（2）（4）,（5）（1）（4）,（5）（3）（4）,C,0,"在我国古代神话中\\""开天辟地\\"" \\""钻木取火\\"" \\""尝百草\\""分别指___⑴燧人氏 ⑵女娲 ⑶冒厥 ⑷神农氏 ⑸盘古氏 ",15
3025,铜,铜与铁,铜与锡,铜与钢,C,0,中国古代的青铜器，造型新颖，种类繁多，以商、周、春秋时期的为多。其主要成分是___,15
3026,《三国志》,《营造方式》,《禽经》,《金刚经》,D,0,造纸和印刷术是我国的伟大发明，而下列哪部著作是世界上第一部用纸印刷的书籍？___,15
3027,美国―日本,美国―古巴,英国―德国,英国-阿根廷,D,0,马岛战争是哪两国之间的战争___,15
3028,金字塔,空中花园,宙斯神像,太阳神像,B,0,下列世界奇迹___位于伊拉克? ,15
3029,东林书院,岳麓书院,石鼓书院,白鹿书院,A,0,历史上曾有的“风声雨声读书声声声入耳，家事国事天下事事事关心”对联是在：___,15
3030,10年,16年,28年,50年,B,0,所谓“先有哈佛，后有美利坚”第一批清教徒抵达北美160年后有了美利坚，那么他们抵达北美___有了哈佛大学,15
3031,李渊,李建成,李世民,李元吉,C,0,626年发动“玄武门之变”的是___,15
3032,贞观之治,开元盛世,开皇之治,光武中兴,A,0,历史上把唐太宗统治时期称为___,15
3033,秦朝,汉朝,南北朝,唐朝,D,0,我国饮茶之风风靡全国始于___,15
3034,曲辕犁,耧车,水排,筒车,D,0,下列农具中，可用于灌溉的是___,15
3035,突厥,回纥,回鹘,兀儿,C,0,维吾尔族的祖先在唐玄宗时被称作___,15
3036,新罗人,高丽人,日本人,波斯人,A,0,唐朝的外国留学生中，人数最多的是___,15
3038,贞观,开元,天宝,开皇,C,0,唐玄宗统治后期的年号是___,15
3039,唐玄宗任用奸臣,藩镇割据局面的形成,安史之乱,唐末农民起义的爆发,C,0,唐朝由强盛走向衰落的转折点是___,15
3040,赵州桥,大雁塔,大昭寺,佛光寺,A,0,建于隋朝的建筑物是___,15
3042,汉朝,三国,隋朝,唐朝,C,0,我国科举制度正式形成于___,15
3043,吴道子,阎立本,颜真卿,展子虔,A,0,《天王送子图》的作者是___,15
3044,581年,585年,586年,589年,A,0,隋朝建立于___,15
3046,《史记》,《战国策》,《论语》,《左传》,C,0,下列著作中属于语录体散文集的是___。,15
3047,《康熙字典》,《辞源》,《尔雅》,《说文解字》,D,0,我国第一部字典是___。,15
3048,李白,李贺,李煜,李商隐,D,0,晚唐诗坛上，与温庭筠并称为“温李”、又与杜牧并称为“小李杜”的诗人是___。,15
3049,《史记》,《汉书》,《后汉书》,《三国志》,A,0,“项庄舞剑，意在沛公”这个成语出自___。,15
3050,中庸之道,“仁”的学说,“生而知之”的先验论,理学思想,B,0,儒家学派创始人孔子的中心学说是___。,15
3052,秦昭襄王,秦始皇,汉高祖,汉武帝,B,0,建立历史上第一个大一统的封建帝国的人是___,15
3053,秦始皇,赵武灵王,秦穆公,齐威王,B,0,我国最早的一段长城是谁下令修建的？___,15
3054,徐霞客,沈括,郦道元,宋应星,D,0,《天工开物》是我国最早的工艺百科全书，它的作者是明朝的___。,15
3055,吕雉,北魏冯太后,武则天,慈禧太后,C,0,我国历史上第一个女皇帝是___。,15
3056,《左传》,《史记》,《国语》,《战国策》,A,0,下列作品属于编年体历史著作的是___。,15
3057,院试――乡试――会试――殿试,乡试――会试――院试――殿试,乡试――会试――殿试――院试,院试――会试――乡试――殿试,A,0,我国到了明朝已形成完备的科举考试制度，共分四级，四级考试正确的排列顺序是___。,15
3061,近体诗,古体诗,古文,词,C,0,唐宋时期韩愈等八位文学家被后人合称为“唐宋八大家”，这个合称是说明八人在哪方面都有突出的成就？___,15
3062,秦始皇,汉高祖,汉武帝,唐太宗,C,0,最早设立“太学”培养人才的皇帝是___。,15
3063,东汉、东吴、宋、齐、梁、陈,东吴、宋、齐、梁、陈、隋,西晋、东晋、宋、齐、梁、陈,东吴、东晋、宋、齐、梁、陈,D,0,古人所说的“六朝”指的是哪六个朝代？___,15
3065,《书经》,《孝经》,《礼记》,《易经》,B,0,下列哪部著作不列入“五经”？___,15
3066,司马迁,司马相如,司马光,扬雄,B,0,“琴挑文君”这个典故的主人公是___。,15
3068,1948年3月14日,1942年5月14日,1946年8月15日,1949年4月23日,D,0,中国人民解放军海军诞生的时间是___。,15
3069,山东威海,泰州白马庙,上海吴淞,浙江嘉兴,B,0,中国人民解放军海军诞生地是___。,15
3070,排水量,吨位,导弹数质量,编制人员,A,0,海军编制的舰和艇是按___来区分的。,15
3071,台湾岛,海南岛,崇明岛,钓鱼岛,A,0,中国最大的海岛是：___。,15
3072,适合大速度航行,船首干舷高，抗浪性好,船体构造简单，纵向强度好,便于通风，舰员居住性好,A,0,___。,15
3074,运七,运八,运五,北京一号,C,0,新中国制造的第一种运输机是什么型号？___,15
3075,英国,法国,美国,俄罗斯,B,0,在马岛战争中大显神威的“飞鱼”反舰导弹是由___生产的,15
3076,U-9,U-15,U-17,U-51,A,0,一战中曾有一艘德军潜艇在一小时内击沉三艘英国巡洋舰，令世界海军为之震惊，它是：___,15
3077,"取\\""列兵\\""之意","\\""战略\\""谐音",火炮时代战舰成队列迎战,都不是,C,0,"\\""战列舰\\""名称的由来是___",15
3078,"美\\""海狼\\""级核潜艇","美\\""弗吉尼亚\\""级核潜艇","俄\\""阿库拉\\""级核潜艇","俄\\""基洛\\""级常规潜艇",A,0,世界上噪声最低的潜艇是___,15
3081,俄罗斯,蒙古,哈萨克斯坦,乌克兰,C,0,世界上最大的航天发射基地――俄罗斯拜科努尔火箭发射场位于___境内,15
3082,俄“奥斯卡”级核潜艇,美“洛杉矶”级核潜艇,美“三叉戟”级核潜艇,俄“台风”级核潜艇,D,0,世界上吨位最大的潜艇是___,15
3083,坦克,作战飞机,火炮,地地导弹,C,0,下列武器中那种曾被斯大林誉为“战争之神”？___,15
3085,意大利“罗马”号战列舰,英国“谢菲尔德”驱逐舰,以色列“埃拉特”号驱逐舰,英国“考文垂”号驱逐舰,C,0,世界上第一艘被舰对舰导弹击沉的水面战舰是___,15
3086,火炮,鱼雷,火箭弹,皆不是,B,0,在火炮时代，驱逐舰攻击敌大型战舰时使用的主要武器是___,15
3088,4万,5万,6万,7万,C,0,"按吨位分,多少万吨位以上才可算是大型航空母舰___",15
3089,国防部,中央军委,党中央,总参部,B,0,中国人民解放军的最高指挥机关是___,15
3090,1950,1951,1952,1953,A,0,新中国第一战--抗美援朝战争爆发于___,15
3092,中程,远程,近程,皆不是,B,0,一般来说，划分导弹射程主要针对的是弹道导弹的射程。4000公里-8000公里属于___,15
3093,24,36,48,77,A,0,GPS是由___颗卫星组成的无线电全球定位系统。,15
3094,歼―11B,歼―10,歼―9,歼―14,B,0,我国自行研制的新型第三代战斗机型号是___,15
3095,180\\/320公里,280\\/600公里,380\\/750公里,480\\/830公里,B,0,我国常规地对地战术导弹东风―11\\/15的射程分别是多少___,15
3096,英国,美国,德国,法国,C,0,二战时最先研制出导弹的国家是___,15
3097,英国,美国,德国,法国,A,0,历史上最先发明坦克的国家是___,15
3098,军争篇,九地篇,用间篇,火攻篇,C,0,孙子兵法最后一篇是___,15
3099,诼鹿之战,牧野之战,神农氏伐斧燧之战,长平之战,C,0,我国古代最早有记载的战争是___,15
3100,59式中型坦克,69式中型坦克,80式中型坦克,2000式中型坦克,C,0,中国第一次独立研制的新型主战坦克是___,15
3101,英国,中国,法国,美国,D,0,“阿帕奇”武装直升机产于哪个国家___,15
3103,企业号,星座号,基辅号,小鹰号,C,0,下列航空母舰哪个不属于美国___,15
3104,公羊主战坦克,梅卡瓦主战坦克,奇伏坦主战坦克,阿琼主战坦克（印度）,D,0,印度自己研制的一种新行主战坦克是___,15
3105,美国,前苏联,德国,中国,B,0,AK―47自动步枪产自哪个国家___,15
3106,红旗41,巨浪-1,红旗61,红旗8,C,0,我国第一代舰空导弹是下列那一个___,15
3108,俄罗斯,美国,欧洲,亚洲,B,0,“标准”防空导弹系统是哪个国家或地区的。___,15
3109,俄罗斯,美国,日本,以色列,B,0,M1A2SEP是哪个国家的主战坦克。___,15
3110,英国,美国,日本,以色列,A,0,“挑战者”2E哪个国家的主战坦克。___,15
3111,1893,1894,1895,1896,B,0,中日甲午战争发生的时间是___,15
3112,11,12,13,14,C,0,孙武是我伟大的军事家，请问《孙子兵法》共有多少篇？___,15
3115,1941年12月,1941年8月,1941年6月,1941年11月,A,0,珍珠港战役开始于___,15
3118,右前侧,右后侧,左前侧,左后侧,C,0,通常飞机编队飞行中 长机处于僚机的___,15
3119,日本三泽空军基地　,冲绳嘉手纳基地　,关岛　,菲律宾克拉克空军基地,C,0," 美军对中国侦察的\\""全球鹰\\""高空无人侦察机部署在___基地。",15
3121,1970年6月,1967年6月,1969年6月,1976年6月,B,0, 我国在___研制成功了第一颗氢弹。,15
3123,钱学森,黄纬禄,邓稼先,王淦昌,C,0,中国的两弹元勋___,15
3124,钱学森,黄纬禄,邓稼先,王淦昌,B,0,"中国被称为火箭\\""老总\\""得是___",15
3125,1663,1664,1665,1662,D,0,民族英雄郑成功于___年收复台湾,15
3126,1966,1965,1976,1986,A,0,中国人民解放军第二炮兵于___年组建。,15
3127,过氧化钠,碳酸钠,硝酸钠,氯化钠,A,0,潜艇中通常使用再生药板与空气中的二氧化碳，水发生化学反应放出氧气，请问这种再生药板的主要成分是___,15
3130,中国，朝鲜，美国，韩国，日本和俄罗斯,中国，朝鲜，美国，越南，日本和美国,中国，朝鲜，俄罗斯，越南，日本和美国,中国，朝鲜，韩国，越南，日本和美国,A,0,朝核问题北京六方会谈分别是___六个国家,15
3131,赤瓜礁,白礁岛,太平岛,珊瑚礁岛,A,0,1988年3月14日，中越两国海军在___开战，史称3.14海战。,15
3132,英国,法国,苏联,美国,A,0,第一艘航母是___造出来的。,15
3133,海军第七舰队,海军第八舰队,海军第五舰队,海军第六舰队,A,0,美国海军负责亚太地区的是___,15
3134,珊瑚海海战,印度洋海战,加勒比海战,太平洋海战,A,0,人类历史上第一次航母间的拼杀是___,15
3135,蒸汽弹射起飞与加力起飞,滑跃式起飞与蒸汽弹射起飞,垂直起飞与滑跃式起飞,垂直起飞与加力起飞,B,0,现代航母舰载机的主要起飞方式是___,15
3136,主动式红外,第一代微光,第四代微光,热像,D,0,夜视观察敌方经过伪装的坦克和装甲车辆，可使用___夜视仪。,15
3137,1961,1960,1965,1958,A,0,俄罗斯于___年完成了世界上首次载人宇宙飞行,15
3138,"美国\\""佩里\\""级号","前苏联\\""卡拉\\""级号","美国\\""卡拉\\""级号","前苏联\\""佩里\\""级号",A,0,世界上最大的驱逐舰是___大型导弹驱逐舰,15
3139,“西安”号,“长江”号,“洛阳”号,“昆明”号,D,0,1957年6月3日，我国建造的第一艘护卫舰举行隆重的命名典礼，正式命名为___,15
3140,南昌,遵义,瑞金,兴国,A,0,1949年6月19日，国民党海防第一舰队“旗舰”―――“长治”号在上海吴淞口外起义，在编入人民海军序列后，更名为“___”舰。,15
3141,v>7.9,11.2>v>7.9,v=7.9,11.2>v>=7.9,D,0,近地圆形轨道上运行的人造地球卫星的发射速度为___。,15
3142,v>2.4,v=2.4,1.7<v<2.4,v<1.7,D,0,月球环绕速度为1.7千米\\/秒，脱离速度为2.4千米\\/秒。嫦娥一号探月卫星在轨道高度200千米的月球圆轨道上运行，其环绕速度为___。,15
3144,以直线传播,以光速传播,发射角小,波长一致,C,0,激光的方向性强是指激光在传播中___。,15
3146,海湾战争,伊拉克战争,越南战争,朝鲜战争,A,0,___标志着高技术战争进入了成熟时期。,15
3147,彭德怀,朱德,林彪,徐向前,A,0,中华人民共和国成立后，___同志担任我国第一任国防部长,15
3148,周王朝,春秋战国,秦王朝,汉王朝,B,0,中国古代军事思想成熟于___时期。,15
3151,挂旗,擂鼓,相对方开火,停船,A,0,"不论是商船.军舰或是其它的船只,可以以___方式表示尊严和相互尊重",15
3152,政治因素,军事因素,经济因素,文化因素,D,0,"产生海洋国际争端,下面哪项不是主要因素?___",15
3153,鸦片战争中,第二次鸦片战争中,洋务运动期间,中日甲午战争中,A,0,近代历史上外国的军事力量第一次进入渤海是在___,15
3155,渤海,黄海,北海,南海,D,0,台湾海峡是连接东海和___的重要水道，长约380公里。,15
3156,中沙群岛　　,北沙群岛　　,香港群岛　　,海南群岛,A,0,中国在南海有4组群岛，它们是西沙群岛、东沙群岛、___、南沙群岛。,15
3157,DF-13,DF-31,DF-23,DF-15,B,0,巨浪2是哪种导弹的潜射型：___,15
3158,YJ-1,YJ-62,YJ-83,HY-3,C,0,以下哪种型号的反舰导弹在99年阅兵大典中出现，并被成为“争气弹”：___,15
3159,海军工程,大连舰艇,广州舰艇,海军航空工程,B,0,中国海军第一所海军院校：___,15
3160,江苏,福建,广东,浙江,C,0,我国最长的海岸线是在___省。,15
3161,1984　　　　,1983　　　　,1982　　　　,1985,D,0,___年11月20日，人民海军参加了我国第一支南极考察队，横跨大洋，历时142天，在南极建立了我国第一个科学考察基地――长城站。,15
3162,旅顺　,威海　,青岛　,秦皇岛,A,0,1955年，中国和原苏联举行隆重___海军基地交接仪式，这个自甲午战争后被几易其“主”的北方良港终于回到祖国的怀抱。,15
3164,海湾战争,科索沃战争,阿富汗战争,伊拉克战争,B,0, GPS制导的“联合直接攻击弹药”JDAM在___中第一次投入实战,15
3165,0.2米\\/秒,0.3米\\/秒,0.4米\\/秒,0.5米\\/秒 ,D,0,节是航海速度单位，每小时航行一海里为一节，1节等于___ ,15
3166,南京条约,天津条约,马关条约,辛丑条约,C,0,甲午中日战争签定了___ ,15
3207,现场可编程逻辑门器件,可配置逻辑块,现场可编程逻辑门阵列,复杂可编程逻辑电路,C,3,FPGA的全称是？___,15
3208,锁存器,寄存器,触发器,存储器,A,3,Latch是? ___,15
3209,超大规模集成电路,专用集成电路,可编程集成电路,通用集成电路,B,3,ASIC是？___,15
3211,complementary,computer,conducting,cooperative,A,3,CMOS中C的含义是? ___,15
3212,射频技术,射频检测,射频识别,射频,C,3,RFID的全称是什么？___,15
3214,n^2,2n^2,n^4,〖2n〗^4,B,3,能量相同、体系的状态不同的情况叫做简并，同一能量所对应的状态总数称为简并度。请问在考虑电子自旋的情况下，氢原子和类氢离子的简并度为？___,15
3216,第一类边界条件,第二类边界条件,第三类边界条件,第一、二类边界条件,C,3,在数学物理方程中，〖[α ?u\\/?n+βu]〗_Σ=已知函数是第几类边界条件？___,15
3217,与,或,异或,或非,D,3,哪种形式的电路可以完成所有的逻辑功能？___,15
3218,单位电场强度作用下载流子的速率,单位电场力作用下载流子的速率,单位磁场磁感应强度作用下载流子的速率,单位磁场强度作用下载流子的速率,A,3,载流子的迁移率μ的定义为？___,15
3221,共射电路,共集电路,共基电路,共源电路,C,3,输出电阻很高但电流放大系数约等于1的是___,15
3222,具有良好的对称性,具有较小的绝对误差,采用大量有源器件,采用直接耦合,B,3,集成电路的特点不包括___,15
3223,获得很高的电压增益,降低驱动电压数值,节约芯片面积,降低输出阻抗,D,3,有源负载放大器的特点不包括___,15
3224,相当宽的工作频率,漂移小,即使单端输出电压增益也远大于单管放大器,抗共模干扰能力强,C,3,差分放大器的优势不包括___,15
3225,π\\/3,π\\/4,π\\/6,π\\/8,B,3,在电源电压Vcc远大于晶体管饱和压降Vces，则在理论上乙类放大器能够达到的最大电源利用效率为___,15
3229,.E5,7.,.457,1.5e-6,A,3,以下哪些写法不是C语言中合法的浮点数___,15
3231,NULL,file,include,typedef,D,3,以下哪个是C语言关键字___,15
3233,return语句中的表达式类型决定,调用该函数时的主调用函数类型所决定,调用该函数时的系统临时决定,在定义该函数时所指定的函数类型所决定,D,3,C语言规定，函数返回值的类型是由___,15
3238,香农,布尔,亨廷顿,德・摩根,D,3,逻辑代数中的反演律是哪位科学家发现的？___,15
3240,可编程逻辑器件,查找表逻辑器件,乘积项逻辑器件,集成逻辑器件,A,3,PLD是什么的简称？___,15
3242,内存在正负两极,内存在南北两极,内存在两种载流子导电,内存在两种电子,C,3,双极型晶体管的得名是由于？___,15
3243,共射,共集,共基,共源,B,3,采用哪种放大器可以构成跟随器___,15
3244,麦克斯韦,赫兹,马可尼,赫尔敏,D,3,奠定无线电科学基础的科学家不包括___,15
3246,-1,1,4,6,C,3,Stefan-Boltzmann定律所描绘的每一条曲线反映了在一定温度下，黑色的单色辐出度随波长分布的情况.每一条曲线下的面积等于黑体在一定温度下的总辐出度，即  M_0___=∫_0^∞?M_______ ___dλ 且已知M_0___随温度的增高而迅速增加.实验确定M_0___= σT^n，请问n的值为多少？___,15
3247,S^2<0,S^2≤0,S^2>0 ,S^2≥0 ,B,3,"假设有两个事件P1(x1,y1,z1,t1)和P2(x2,y2,z2,t2)，他们在四维时空坐标系中的间隔为S2=〖(x2-x1)〗^2+〖(y2-y1)〗^2+〖(z2-z1)〗^2-c^2 〖(t2-t1)〗^2 则请问若两个事件之间存在因果关系，必要条件是什么？___\\n",15
3248,26×〖10〗^(-22),42×〖10〗^(-22),52×〖10〗^(-22),104×〖10〗^(-22),B,3,在室温下kT约等于多少？___,15
3249,V_CE增大引起集电结耗尽层变宽，减小了基区有效宽度，使基区的复合减小,V_CE增大引起集电结耗尽层变宽，减小了基区有效宽度，使基区的复合增大  ,V_CE增大引起发射结耗尽层变宽，减小了基区有效宽度，使基区的复合减小 ,V_CE增大引起发射结耗尽层变宽，减小了基区有效宽度，使基区的复合增大,A,3,在研究共发射极输入特性曲线时，以V_BE 〖为横坐标I〗_B 为纵坐标可画出不同V_CE 下的输入特性曲线，其中对于相同的V_BE我们看到当V_CE增大时I_B会大幅减小，这是由于___,15
3250,简单地完成阻抗匹配,获得最大的功率传递,完成电气隔离,频响范围很大,D,3,变压器耦合放大器的优点不包括___,15
3252,每个状态只有一个固定的输出,每个转移只有一个固定的输出,每个状态有多个可能的输出,每个转移有多个可能的输出,A,3,摩尔型电路___,15
3254,码分复用,码分多址,频分双工,时分双工,B,3,CDMA是中国电信在2G和3G广泛使用的技术，CDMA的意思是：___,15
3315,病毒没有独立的代谢方式,病毒进行无氧呼吸,在寄主体外，病毒并不能表现出生命活动 ,病毒无法与外界进行物质和能量的交换,B,2,关于病毒的代谢，下列叙述不正确的是  ___  ,15
3316,蛋白酶,脂肪酶,淀粉酶,蛋白酶、脂肪酶等多种酶,D,2,加酶洗衣粉去除汗渍、奶渍、血渍和油污的能力较强是因为其中含___  ,15
3317,疯牛菌,类病毒,拟病毒,朊病毒,D,2,英国的疯牛病引起世界上许多国家禁止从英国进口牛肉制品，引起此病的病因是感染了___      ,15
3318,啤酒,干白葡萄酒,白酒,红葡萄酒　,B,2,下列酒中最宜在吃海鲜时饮用的是___      ,15
3319,豆科,菊科,十字花科,蔷薇科,C,2,白菜属于____________科___                                                                      ,15
3320,酸性　　　　,碱性　,氧化性　,还原性,D,2,人体血红蛋白中含有Fe2+，如果误食亚硝酸盐会使人中毒因为亚硝酸盐会使Fe2+转化为Fe3+，生成高铁血红蛋白而丧失与O2的结合能力，服用维生素C可以缓解亚硝酸盐的中毒，这说明维生素C具有___  ,15
3321,Cl2　　　　　,HCl　　,NO2　　　D、CCl2F2,<blank>,D,2,由于人类向大气中排放有毒气体，形成南极臭氧层空洞，下列气体哪种是形成南极臭氧层空洞的罪魁___  ,15
3322,Ca2（PO4）3（OH）,Ca3（PO4）3（OH）,Ca4（PO4）3（OH）,Ca5（PO4）3（OH）,D,2,现代医学证明，人类牙齿由一层称为碱式磷酸钙的坚硬物质保护着。碱式磷酸钙的化学式中除钙离子外，还含有一个氢氧根离子和三个磷酸根离子，则其化学式正确的是___          ,15
3323,糖元,蛋白质,脂肪,核酸,B,2,占人体细胞干重50％以上的有机化合物是___                                                                        ,15
3324,鳄目,有鳞目,鸟纲,哺乳纲,C,2,身体表面有角质化的构造、上下颚无齿、所有种类俱为卵生。下列哪些符合这个___                                                                                                                  ,15
3325,较鸵鸟心脏的跳动频率高,较鸵鸟心脏的跳动频率低,等于鸵鸟心脏的跳动频率,蜂鸟心脏跳动频率无法测定,A,2,蜂鸟心脏的跳动频率___                                                                                                ,15
3326,205,206,207,208,B,2,成年人身上有多少块骨骼___                                                                                                ,15
3327,白色,蓝色,红色,黑色,C,2,蚯蚓的血是什么颜色___                                                                                                          ,15
3328,细菌,真菌,染色体,病毒,D,2,请问禽流感的病原体是属那一种生物呢_____,15
3329,九十年代,八十年代,2000年,2001年,A,2,“多莉羊“是在几时克隆出来的_____\\n,15
3331,光照,生长激素,重力,植物种类,B,2,植物的根部为什么总是向下生长，主要是由以下那一个主要的因素的影响？___  ,15
3332,营养级,食物链,生态系统,局部区域,B,2,在生物学上以下的：水稻→蝗虫→青蛙→蛇→猫头鹰的关系称什么？___  ,15
3335,棉麻,真丝,冰丝,天然彩棉,C,2,少穿化纤，多穿天然纤维材料的衣服有益于人体健康。下面不属于天然纤维的有___    ,15
3336,原料污染,保鲜产生的污染,制作过程中的污染,生物性污染,B,2,防腐剂过量属于食品污染的哪一种___    ,15
3338,贴上绿色产品标志,不用注明原料性质,必须在包装上注明该原料是转基因物质,以上三个都行,C,2,国家对销售转基因食品的规定是___    ,15
3339,不粘锅,铁锅,铝锅,银锅,B,2,使用___加工食品可产生一种无机物与胃酸反应形成人体容易吸收的铁盐，从而提高造血机能，使红细胞增多，有益于健康。    ,15
